family,target,feature,mean_abs_shap,mean_shap,feature_shap_spearman,rank
joint_rf,SWB_nn,AGENCY,0.00026272581344538327,4.760459727996152e-05,0.4335120394677496,90
joint_rf,SWB_nn,COMM,0.00027542447229086367,-1.579308406400196e-05,-0.40340642379566116,86
joint_rf,SWB_nn,HarmVirtue,0.0008639121173493308,-5.614037870812164e-05,-0.5401322602094017,29
joint_rf,SWB_nn,HarmVice,0.00047044075034106714,-3.0667081027258995e-05,0.6231646214585824,56
joint_rf,SWB_nn,FairnessVirtue,0.00018199375953125387,-1.73464620542291e-05,-0.2725032979152068,112
joint_rf,SWB_nn,FairnessVice,0.0003231582919864857,1.099574538582766e-05,0.28159343808968496,74
joint_rf,SWB_nn,IngroupVirtue,0.0003007143432355126,5.433014635851975e-05,0.5687871058502295,79
joint_rf,SWB_nn,IngroupVice,0.0006818025613771332,3.083156934867876e-05,0.761412803654431,38
joint_rf,SWB_nn,AuthorityVirtue,0.0004973542601279207,-0.00011647665789827567,-0.7876110864316662,51
joint_rf,SWB_nn,AuthorityVice,0.0004661377118966444,-1.9333527226929296e-05,0.6839444268483997,57
joint_rf,SWB_nn,PurityVirtue,0.0008882540193147762,-3.296963673396087e-05,0.4890003973131688,26
joint_rf,SWB_nn,PurityVice,0.0005170299179385391,0.0001363943497561704,-0.5328442986443125,47
joint_rf,SWB_nn,MoralityGeneral,0.0005996048056592079,-0.0001386418935217728,-0.47582883510567997,43
joint_rf,SWB_nn,ind,0.0010485595559579697,-3.9167966675871076e-06,0.7306086889917177,18
joint_rf,SWB_nn,col,0.00031713366475205737,-1.8896903312786343e-05,-0.3828891070185386,76
joint_rf,SWB_nn,Funct,0.0001579484586718128,6.002978945752091e-06,-0.38209359198698484,117
joint_rf,SWB_nn,Pronoun,0.0006627876445528546,-2.133687348580879e-05,0.9040024929803498,41
joint_rf,SWB_nn,PPron,0.0005335318500951885,-3.668161595511162e-05,0.8663921978932261,46
joint_rf,SWB_nn,I,0.001440799725025751,-0.00013185123106798633,0.9037542238019056,12
joint_rf,SWB_nn,We,0.002005651357881996,-0.00026255426448090915,-0.849040409317578,7
joint_rf,SWB_nn,You,0.0003860109552823296,3.744021973955303e-05,0.2139574676065098,66
joint_rf,SWB_nn,SheHe,0.001890053558273222,-2.9685855145520206e-05,0.9300258536869881,8
joint_rf,SWB_nn,They,0.0004944810911120198,4.687782340648983e-05,0.8178591749668555,52
joint_rf,SWB_nn,iPron,0.0004198130850646289,2.881483315608531e-05,0.601857977897494,62
joint_rf,SWB_nn,Verb,0.000253448743372092,5.326289020252348e-05,0.2232517220494528,96
joint_rf,SWB_nn,AuxVerb,0.0002597573773470811,1.0271748124713221e-05,-0.6214253381929373,92
joint_rf,SWB_nn,Adverb,6.956252209388306e-05,-9.550689305381864e-06,-0.18203413518098127,120
joint_rf,SWB_nn,Preps,0.00023609058190736382,6.184654536876586e-05,-0.3053446283404002,101
joint_rf,SWB_nn,Conj,0.0002355662940715748,4.771411122003567e-05,0.7778403927040284,103
joint_rf,SWB_nn,Negate,0.00032696011095390855,-1.8136115705327586e-05,0.3047925964523324,73
joint_rf,SWB_nn,Quant,0.0004871497552899972,1.4504599594843011e-05,-0.7064130563713488,54
joint_rf,SWB_nn,Number,0.0002574493182959008,4.76804037405436e-05,0.5815938019215288,93
joint_rf,SWB_nn,Swear,0.0008693239668530547,-5.836151106461518e-05,0.6636618735858254,28
joint_rf,SWB_nn,YouPL,0.0005642340633679573,4.348901678423026e-06,0.3890507832828114,44
joint_rf,SWB_nn,PrepEnd,0.00027711674034495303,-8.466460519667518e-06,0.7295932733519802,84
joint_rf,SWB_nn,SpecArt,0.00024990672118242583,2.6079928290599786e-05,0.6952747549950928,98
joint_rf,SWB_nn,QuanUnit,0.00023162533446565895,6.318908149387733e-05,-0.06483355053420813,105
joint_rf,SWB_nn,Interjunction,0.0002065512184719485,9.549791052755213e-06,-0.23743983015003867,108
joint_rf,SWB_nn,MultiFun,0.0001607121153653097,-1.4475181059151436e-05,-0.07860912280789374,116
joint_rf,SWB_nn,TenseM,0.0001873568119136813,-1.6828637165658548e-05,-0.5330445832170333,111
joint_rf,SWB_nn,PastM,0.00038146004144962945,6.074787786520488e-05,0.7547184606166443,67
joint_rf,SWB_nn,PresentM,0.00023034826986482825,3.057810451947284e-05,-0.37385145546525284,106
joint_rf,SWB_nn,FutureM,0.0011770818443080668,6.083506255372438e-05,-0.824759543594758,14
joint_rf,SWB_nn,ProgM,0.0002546760521790449,-3.9214148099700636e-05,0.2319759441841057,95
joint_rf,SWB_nn,Social,0.0002555501207556469,-6.2501851442689594e-06,0.5350150585609399,94
joint_rf,SWB_nn,Family,0.0017260426766477122,7.104210066447601e-07,-0.373067096931121,9
joint_rf,SWB_nn,Friend,0.0010335384824261547,4.72349109775171e-05,-0.15789753735292938,19
joint_rf,SWB_nn,Humans,0.000733898219950448,7.405551062929038e-05,-0.03417860317690953,35
joint_rf,SWB_nn,Affect,0.000336880913136083,-9.237325345386133e-06,-0.8274150618402665,71
joint_rf,SWB_nn,PosEmo,0.00045637341599448993,2.8132108662372023e-05,-0.43026011715845375,59
joint_rf,SWB_nn,NegEmo,0.0003510484416912237,1.3272063561951439e-05,0.7553882094529714,70
joint_rf,SWB_nn,Anx,0.0006673388655363062,-3.1468865813479686e-05,-0.7336398281057188,40
joint_rf,SWB_nn,Anger,0.0005016551437650324,-5.6582233172465305e-05,0.7287788118865949,50
joint_rf,SWB_nn,LIWC-Sad,0.00037897325916723314,-5.62685412588325e-06,0.7583252019788578,68
joint_rf,SWB_nn,CogMech,9.704127196309757e-05,5.560299871105273e-06,-0.45480471737918404,119
joint_rf,SWB_nn,Insight,0.0004609134939134337,1.1606585619193196e-05,-0.5943565747769795,58
joint_rf,SWB_nn,Cause,0.0001793756950133739,-6.239731270547202e-06,0.038709251270490776,114
joint_rf,SWB_nn,Discrep,0.0002618514350639561,3.810809126639769e-05,-0.7641614941937509,91
joint_rf,SWB_nn,Tentat,0.00018091835488448507,7.920204642577944e-06,-0.22630829484861553,113
joint_rf,SWB_nn,Certain,0.00023171850201471838,-1.6437021144761735e-05,-0.4754398961558119,104
joint_rf,SWB_nn,Inhibition,0.0004833890913451973,-7.939475948356417e-06,0.2515385771725395,55
joint_rf,SWB_nn,Inclusive,0.00014800895052064018,6.7810423457761275e-06,-0.22988527400611464,118
joint_rf,SWB_nn,Exclusive,0.00020187746529284648,4.4946432228594814e-05,-0.01813001953637177,109
joint_rf,SWB_nn,Percept,0.0007496177947357705,-4.1786924250388066e-05,0.3138369688254098,33
joint_rf,SWB_nn,See,0.0008326806340915744,2.0420290919566843e-05,-0.4330494121977815,31
joint_rf,SWB_nn,Hear,0.00040021142579871745,-5.6775423462723286e-05,0.4763176945377995,65
joint_rf,SWB_nn,Feel,0.0003098275305014945,1.3839550314537852e-06,0.6381724254414688,77
joint_rf,SWB_nn,Bio,0.0005069310125040463,7.642969014633571e-06,0.43057534006567577,49
joint_rf,SWB_nn,Body,0.0003737764900294706,4.935105039782466e-05,0.07734781760769059,69
joint_rf,SWB_nn,Health,0.0004176498287872729,-1.694971020586566e-05,0.5464537077459025,63
joint_rf,SWB_nn,Sexual,0.004052622913355443,-7.958495144172998e-05,0.7694742148195842,1
joint_rf,SWB_nn,Ingest,0.00029728203438286375,2.918567825273261e-05,0.0010290419558221689,80
joint_rf,SWB_nn,Relative,0.00026600713453594653,-2.0494258097618284e-05,-0.33116876532752193,89
joint_rf,SWB_nn,Motion,0.00017007203897402025,4.1705195858697954e-05,-0.10819796201439169,115
joint_rf,SWB_nn,Space,0.0004894579561432081,-6.879706722227823e-05,-0.4208271781049594,53
joint_rf,SWB_nn,Time,0.0007132014648197608,9.454981833979565e-06,-0.5647412223066683,36
joint_rf,SWB_nn,Work,0.00024846545528093205,-7.141696728102442e-06,-0.019715062556225287,99
joint_rf,SWB_nn,Achieve,0.00045534353688813473,-3.1475783406398264e-05,-0.37109286000339375,60
joint_rf,SWB_nn,Leisure,0.0005092520381669086,5.274199370191685e-05,0.772398452043072,48
joint_rf,SWB_nn,Home,0.0003366112220919237,2.5071022782336365e-05,0.16346334115773895,72
joint_rf,SWB_nn,Money,0.00027623573235612827,-5.379087221327172e-06,0.553681857151928,85
joint_rf,SWB_nn,Religion,0.0008490714510838403,-2.4208197814739896e-05,-0.9389973917156675,30
joint_rf,SWB_nn,Death,0.0006500432021755342,-2.3266412878107145e-05,0.7532476650002111,42
joint_rf,SWB_nn,Assent,0.0004230995612298849,2.8490834044127006e-05,-0.5211500092665267,61
joint_rf,SWB_nn,Nonfl,0.0007662258778573331,0.00012566530231364575,-0.19701833004795863,32
joint_rf,SWB_nn,Filler,0.0002906057440780742,3.258837660808522e-05,0.42318512162834265,82
joint_rf,SWB_nn,Psychology,0.00029614488782553973,-2.511244802369679e-05,0.061140103797879146,81
joint_rf,SWB_nn,Love,0.000967632185441093,-1.9763387976903148e-05,0.828525237824051,22
joint_rf,SWB_nn,tPast,0.0001884652757040339,-2.4314179068665944e-06,-0.07646601887502759,110
joint_rf,SWB_nn,tNow,0.000913168521293694,-0.0001668890253342948,-0.8042740484634878,24
joint_rf,SWB_nn,tFuture,0.0015790475748384536,9.322124067371607e-05,-0.6298693829489724,10
joint_rf,SWB_nn,Period,0.002142776513530322,6.678876957085958e-05,0.8030622540392113,6
joint_rf,SWB_nn,Comma,0.0006968254372632078,2.6082912662858477e-05,0.7622462254724605,37
joint_rf,SWB_nn,Colon,0.0005406362535791778,-0.00010620461377934228,0.7559152894069294,45
joint_rf,SWB_nn,SemiC,0.0010842735363950657,6.690360756211175e-07,0.9446407206427727,17
joint_rf,SWB_nn,QMark,0.0013357125320177094,8.680118092400384e-06,-0.28059194198371024,13
joint_rf,SWB_nn,Exclam,0.00025117736961872766,-9.228616051713464e-06,-0.07624779232276924,97
joint_rf,SWB_nn,Dash,0.00030467233205221973,8.065708047896146e-05,0.2693375300169964,78
joint_rf,SWB_nn,Quote,0.0014529379832224504,9.409889078931927e-05,0.9393858173311973,11
joint_rf,SWB_nn,Apostrophe,0.0010250597191616803,0.00010095968071661116,0.039690337504482344,20
joint_rf,SWB_nn,Parenth,0.0002439291985096476,3.068897751924408e-05,-0.2612533232551878,100
joint_rf,SWB_nn,OtherP,0.00022635538562336535,3.795167959215704e-05,0.265377614782386,107
joint_rf,SWB_nn,A,0.00023608583505527593,1.3154366475407382e-05,0.1861240593809523,102
joint_rf,SWB_nn,B,0.00031999942187254705,4.6580301979198854e-05,-0.1422711774092668,75
joint_rf,SWB_nn,C1,0.0008976726702628841,2.3647564704154713e-05,0.773339643576894,25
joint_rf,SWB_nn,C2,0.0036025458981308223,1.3126268916279345e-05,0.940295532671603,3
joint_rf,SWB_nn,C3,0.0008776144077970335,-1.9716719210248268e-05,0.7024334547045705,27
joint_rf,SWB_nn,C4,0.0007477936730801442,-6.095626807933962e-05,0.46920681457137925,34
joint_rf,SWB_nn,C5,0.00027516067263912207,2.5758736732303107e-05,0.21435537883477523,87
joint_rf,SWB_nn,C6,0.00028126977275562973,-2.015651264943505e-05,0.6305009601865008,83
joint_rf,SWB_nn,C7,0.00040832595805083454,5.880716987824378e-05,-0.6056029813256262,64
joint_rf,SWB_nn,C8,0.0010193923138535764,-7.910212072204079e-06,0.8591067275090847,21
joint_rf,SWB_nn,C9,0.0002661279804871198,-2.0454112140699343e-05,-0.04914631529096983,88
joint_rf,SWB_nn,C10,0.00396246332264541,-4.284464746965547e-05,0.84782910634254,2
joint_rf,SWB_nn,D,0.0027169462170748174,7.549639059286037e-05,-0.8384909360790664,4
joint_rf,SWB_nn,Happy,0.0006805881761097096,9.075205305916919e-05,-0.8897595565784971,39
joint_rf,SWB_nn,Sad,0.001092422992801674,-0.00010095834362401966,0.930223623875992,16
joint_rf,SWB_nn,Angery,0.0024964015020505115,6.165133952342206e-05,0.8131676830599629,5
joint_rf,SWB_nn,Fear,0.000930010389314167,-3.631542823228053e-05,0.889027056672717,23
joint_rf,SWB_nn,Hate,0.0011749281804142148,2.6394845745100735e-05,0.7606889789007536,15
joint_rf,SWB_pp,AGENCY,0.00022672471829253093,-8.532536620619838e-06,-0.07093218639226626,102
joint_rf,SWB_pp,COMM,0.000255626057919273,2.8129115477350902e-05,0.30302100509953817,97
joint_rf,SWB_pp,HarmVirtue,0.0008716638319348618,3.520233847720161e-05,0.7284024348332326,35
joint_rf,SWB_pp,HarmVice,0.00046336190887962236,-2.0347383266715397e-06,-0.6263769068782395,60
joint_rf,SWB_pp,FairnessVirtue,0.0001715125950193131,2.2496448025211964e-05,0.41767858665106017,112
joint_rf,SWB_pp,FairnessVice,0.0003459138487289361,-1.2830745173276559e-06,-0.2835743965300064,72
joint_rf,SWB_pp,IngroupVirtue,0.0002945049106316171,5.91610203972545e-06,0.28079541561598503,88
joint_rf,SWB_pp,IngroupVice,0.0012177063982736949,-4.02920482352167e-05,-0.7531074591159673,19
joint_rf,SWB_pp,AuthorityVirtue,0.0009394353765553011,0.0001037091835195116,0.7722438306684656,30
joint_rf,SWB_pp,AuthorityVice,0.00032510709825871815,1.6211450631624373e-05,-0.5129224036698408,82
joint_rf,SWB_pp,PurityVirtue,0.0012597154577306854,4.3108203339455674e-05,-0.722569338706139,16
joint_rf,SWB_pp,PurityVice,0.0004691890186887749,-3.2321139575392034e-05,-0.6936770861459992,59
joint_rf,SWB_pp,MoralityGeneral,0.0008391546774642756,0.00015662072339916875,0.41945577448043675,37
joint_rf,SWB_pp,ind,0.0007846535107814593,-1.7648110609317903e-05,-0.6246263580843635,39
joint_rf,SWB_pp,col,0.00033697533519828514,-1.5914120518559227e-05,0.4432767297825862,75
joint_rf,SWB_pp,Funct,0.0001641399847266052,-1.4911069576271143e-05,0.5807868954282751,114
joint_rf,SWB_pp,Pronoun,0.0002291688038700859,-3.110104525559489e-07,-0.4011179907086085,101
joint_rf,SWB_pp,PPron,0.00032913694176720746,-5.138515959981613e-05,0.4885895869098078,77
joint_rf,SWB_pp,I,0.0006333379759046337,9.09836394883042e-05,-0.7432911889529118,44
joint_rf,SWB_pp,We,0.0039053500710792967,0.00012723616887574124,0.892753711605053,2
joint_rf,SWB_pp,You,0.0003105150865090411,-5.588310399993413e-05,0.2548825943223399,85
joint_rf,SWB_pp,SheHe,0.0019374798243428756,1.5048197715000371e-05,-0.9135446829696686,7
joint_rf,SWB_pp,They,0.00032652059169619444,-1.5346029728946323e-05,-0.7454709860673268,79
joint_rf,SWB_pp,iPron,0.0003345988615973648,8.83726253569218e-07,-0.7057358434851985,76
joint_rf,SWB_pp,Verb,0.0003173287857699324,-0.00010551995909846654,0.22665065834845838,83
joint_rf,SWB_pp,AuxVerb,0.00016408107127470763,-1.4916885130393163e-05,0.21686424734676765,115
joint_rf,SWB_pp,Adverb,8.225592809997063e-05,2.2360572329919368e-05,-0.49168480558592215,120
joint_rf,SWB_pp,Preps,0.00033850136008431664,1.0503520518497488e-05,0.6981097192477842,74
joint_rf,SWB_pp,Conj,0.0002133786247196819,-6.099026258630758e-05,-0.6501230283505837,104
joint_rf,SWB_pp,Negate,0.00045084820089542015,2.8916188486383975e-06,-0.6710185857434238,62
joint_rf,SWB_pp,Quant,0.0004958260234774096,-1.1418243863703309e-05,0.7853433196374161,56
joint_rf,SWB_pp,Number,0.00037034334288411534,-6.542621018199268e-05,-0.6321043429878912,69
joint_rf,SWB_pp,Swear,0.0006311207132299474,7.866020972215823e-05,-0.3323962669087698,45
joint_rf,SWB_pp,YouPL,0.0014571313378238485,-3.3110481589151383e-05,0.9119219847659682,13
joint_rf,SWB_pp,PrepEnd,0.00016696999110928911,-3.919730817775227e-06,-0.0037471321887122414,113
joint_rf,SWB_pp,SpecArt,0.00018389389656252563,-5.175385753652145e-05,-0.4503242086283875,111
joint_rf,SWB_pp,QuanUnit,0.00020633635201843545,-7.231200954293447e-05,-0.07302254175030351,106
joint_rf,SWB_pp,Interjunction,0.000292124682092499,3.890693302148505e-05,0.161160560139243,89
joint_rf,SWB_pp,MultiFun,0.00019346916157179692,-2.6775101647325245e-05,0.23852326550523056,108
joint_rf,SWB_pp,TenseM,0.00012933919720255788,3.772787720139722e-05,0.4986392116025822,118
joint_rf,SWB_pp,PastM,0.0003128369406665592,-8.897135249590222e-06,-0.7943220893723955,84
joint_rf,SWB_pp,PresentM,0.00042524153038338427,-1.756851168153216e-05,0.7262609319248569,65
joint_rf,SWB_pp,FutureM,0.0011538888545742784,-8.77601785481533e-05,0.902698701984144,21
joint_rf,SWB_pp,ProgM,0.00019091494660831537,3.2591811564889666e-05,-0.08144776677436028,109
joint_rf,SWB_pp,Social,0.0004491993401797925,-1.874422113579983e-05,0.7460852055951541,63
joint_rf,SWB_pp,Family,0.003003835928605312,4.261321653179704e-06,0.603358519514214,3
joint_rf,SWB_pp,Friend,0.0009945576755034625,-8.786713975087952e-05,0.3777497027400491,28
joint_rf,SWB_pp,Humans,0.0005381884711775094,-2.5237887354053316e-05,0.001973532134084904,51
joint_rf,SWB_pp,Affect,0.0002459843169181531,2.1358605790437234e-05,0.8395980429396833,98
joint_rf,SWB_pp,PosEmo,0.00043166048842924865,-3.8389169662889526e-05,0.7809405155975302,64
joint_rf,SWB_pp,NegEmo,0.0003664967314077499,-9.714406139889305e-06,-0.6049994402924007,71
joint_rf,SWB_pp,Anx,0.0007408528159634372,-7.104989877778336e-06,0.7825359836826369,40
joint_rf,SWB_pp,Anger,0.0005042092501271364,-2.2372583221204213e-05,-0.7851988241796772,55
joint_rf,SWB_pp,LIWC-Sad,0.00030720807050509623,1.4417210078169053e-05,-0.7061866803389045,86
joint_rf,SWB_pp,CogMech,9.143342411954846e-05,1.813487326944409e-05,0.6710232724882431,119
joint_rf,SWB_pp,Insight,0.00021349569910847208,-3.483475520668331e-05,0.47746663462245237,103
joint_rf,SWB_pp,Cause,0.00029054338144548093,4.220139387291224e-05,0.22386866583266768,90
joint_rf,SWB_pp,Discrep,0.00014363508350730047,-8.822064127656118e-06,0.32935033701191885,117
joint_rf,SWB_pp,Tentat,0.0001463619799120437,-6.332147109830935e-06,-0.23848436934140094,116
joint_rf,SWB_pp,Certain,0.00020303373021408503,8.496125244925631e-06,0.24686941489359854,107
joint_rf,SWB_pp,Inhibition,0.00032637494689384,1.101308604044115e-05,0.5323356597780063,81
joint_rf,SWB_pp,Inclusive,0.00021027730709546452,1.3880821819002747e-05,-0.011071353436292718,105
joint_rf,SWB_pp,Exclusive,0.00018950083930978983,-2.3021478609710487e-05,0.022819595307234656,110
joint_rf,SWB_pp,Percept,0.0005393141389608171,6.796580409765451e-05,-0.6361139106238047,50
joint_rf,SWB_pp,See,0.0008874133769156245,-3.605737219931944e-05,0.4516029408449336,34
joint_rf,SWB_pp,Hear,0.0005830276706206334,5.4309644525983614e-05,-0.5837467351799871,47
joint_rf,SWB_pp,Feel,0.00045144846172933767,-3.420615907574096e-05,-0.8290383868450171,61
joint_rf,SWB_pp,Bio,0.0010698849271213527,-5.452532220394872e-05,-0.8641506385646878,22
joint_rf,SWB_pp,Body,0.0010235991220254126,-2.2079472203038122e-05,-0.953244704840723,26
joint_rf,SWB_pp,Health,0.0004951323326155023,5.162002041201922e-05,0.01163104419836066,57
joint_rf,SWB_pp,Sexual,0.0044880438222663155,8.423352572000017e-05,-0.7481440432080996,1
joint_rf,SWB_pp,Ingest,0.0003266282419230662,-3.800305156210612e-05,0.02393195563125036,78
joint_rf,SWB_pp,Relative,0.00042200388806523453,-1.106006940014909e-05,0.5760588815314416,66
joint_rf,SWB_pp,Motion,0.00024455703696767465,6.771227970887114e-06,0.6836928553224636,99
joint_rf,SWB_pp,Space,0.0007012670521264738,0.00010599094762799568,0.8074569480925914,41
joint_rf,SWB_pp,Time,0.0006226031695287963,-3.1274274985873806e-05,0.5216732604602339,46
joint_rf,SWB_pp,Work,0.00023174147993903552,2.3011021813850477e-05,-0.0034762705313306085,100
joint_rf,SWB_pp,Achieve,0.001223935331129822,3.7260503733358232e-06,0.6108152958593102,18
joint_rf,SWB_pp,Leisure,0.0009475030479646309,-6.132089317452957e-05,-0.8194616092603217,29
joint_rf,SWB_pp,Home,0.0005247091158014981,1.2612461745086305e-05,0.28269402885430367,53
joint_rf,SWB_pp,Money,0.0002838681665291308,2.8085336052404934e-05,-0.4028698787731953,93
joint_rf,SWB_pp,Religion,0.0005829075670544941,2.335928023427721e-05,0.8553130893082017,48
joint_rf,SWB_pp,Death,0.0006750721739096006,6.0278719608132917e-05,-0.05795623851869467,43
joint_rf,SWB_pp,Assent,0.0004178562905733964,-1.9949899328885042e-05,0.6310439432038406,67
joint_rf,SWB_pp,Nonfl,0.0003922103135009325,-6.49801870224721e-05,0.4967396372202441,68
joint_rf,SWB_pp,Filler,0.0002883891931264857,-2.099248349003747e-05,-0.4165544443971425,91
joint_rf,SWB_pp,Psychology,0.0005301060342460633,3.36273838321265e-05,-0.3019431108148413,52
joint_rf,SWB_pp,Love,0.0013500114299484821,7.604512141419886e-06,-0.8916700192206654,15
joint_rf,SWB_pp,tPast,0.0003065789293827335,6.042158296857741e-07,-0.5971867799822138,87
joint_rf,SWB_pp,tNow,0.001590416125950429,7.040133503904416e-05,0.6838818555851334,10
joint_rf,SWB_pp,tFuture,0.001556014601632475,2.1835983553961413e-05,0.9247745540120743,11
joint_rf,SWB_pp,Period,0.0013647046975099845,-5.133336345476786e-05,-0.662476051657156,14
joint_rf,SWB_pp,Comma,0.0006902041555200101,-2.333396598991229e-05,-0.8544117747932959,42
joint_rf,SWB_pp,Colon,0.0010675561632068984,0.00012255715004628892,-0.8608267196854352,23
joint_rf,SWB_pp,SemiC,0.0008681184670680808,-3.365758387807077e-05,-0.930396881711777,36
joint_rf,SWB_pp,QMark,0.0008876237121527318,-1.822546696597637e-06,0.18315413292412108,33
joint_rf,SWB_pp,Exclam,0.0003700423365684423,9.890720369952238e-06,-0.2554332972275047,70
joint_rf,SWB_pp,Dash,0.00028807520497501325,-5.525679097852401e-05,0.46105622859195966,92
joint_rf,SWB_pp,Quote,0.0015005431498162443,-0.0001179832718145177,-0.9406771437235341,12
joint_rf,SWB_pp,Apostrophe,0.0010585619074158792,-8.932762815545314e-05,-0.3638721045455661,24
joint_rf,SWB_pp,Parenth,0.0002762962992052608,-1.7158966947320513e-05,0.0835991973190541,94
joint_rf,SWB_pp,OtherP,0.00025700772596566466,-4.24258868171739e-05,-0.562967165063242,96
joint_rf,SWB_pp,A,0.0002635287444246106,-1.3124496264069698e-05,-0.7635801002913442,95
joint_rf,SWB_pp,B,0.00032650832925205806,-3.3814508305705387e-05,-0.3404450089632808,80
joint_rf,SWB_pp,C1,0.001007808310217208,-6.318875339593503e-05,-0.7929090521964213,27
joint_rf,SWB_pp,C2,0.001690174663177028,-7.600802255971334e-05,-0.8160799240123058,8
joint_rf,SWB_pp,C3,0.0009367633572876001,3.2819005733887505e-05,-0.48531028256167197,31
joint_rf,SWB_pp,C4,0.0012582844727038144,7.777500740266182e-05,-0.30023526587099236,17
joint_rf,SWB_pp,C5,0.0004936969642328129,3.0872832723706334e-05,-0.6463816112056984,58
joint_rf,SWB_pp,C6,0.0005457746584184171,4.890370730320297e-05,-0.5602373275412362,49
joint_rf,SWB_pp,C7,0.0003412011428406764,-3.85008302833148e-05,0.43377460126183615,73
joint_rf,SWB_pp,C8,0.0011590960794036639,1.1702972466690688e-05,-0.8854054259114953,20
joint_rf,SWB_pp,C9,0.0005206990825838396,7.223023346448308e-05,-0.3942413075100576,54
joint_rf,SWB_pp,C10,0.0020397494664001177,-0.00012617972572022252,-0.7016174227178849,6
joint_rf,SWB_pp,D,0.0025748981628396866,-0.0001110125778269333,0.896318783962383,4
joint_rf,SWB_pp,Happy,0.0008023667721319825,-6.45944154632594e-05,0.9404288907221684,38
joint_rf,SWB_pp,Sad,0.0009125868283366979,2.4216022023592304e-05,-0.9102305786236564,32
joint_rf,SWB_pp,Angery,0.0022739157669000817,-2.6374446783067095e-05,-0.7862761600021642,5
joint_rf,SWB_pp,Fear,0.0010425427733396111,5.512851559414243e-05,-0.826356411756685,25
joint_rf,SWB_pp,Hate,0.001626115677956399,5.41977582256591e-05,-0.9294320028216636,9
joint_rf,SWB_avg,AGENCY,0.0004071850706737725,1.5004604451223396e-06,-0.46270567711028765,89
joint_rf,SWB_avg,COMM,0.0004655877222376915,1.9999061492078068e-05,0.5072696429109366,83
joint_rf,SWB_avg,HarmVirtue,0.0024870647047428064,1.0046368115739764e-05,0.6373061116292223,10
joint_rf,SWB_avg,HarmVice,0.0009419743577233098,-1.2889345475288316e-06,-0.5760346077231004,48
joint_rf,SWB_avg,FairnessVirtue,0.0003032176437520331,4.6439224341494235e-05,-0.1881539949121691,108
joint_rf,SWB_avg,FairnessVice,0.00046989216461163565,1.75097114853196e-05,-0.28933103471529237,82
joint_rf,SWB_avg,IngroupVirtue,0.0003446900139756597,-5.6706305905616954e-05,0.2717909873597846,100
joint_rf,SWB_avg,IngroupVice,0.0011047423793994326,-6.442877296800745e-05,-0.8257581040996291,39
joint_rf,SWB_avg,AuthorityVirtue,0.0014100523480822832,0.00019739018951278552,0.8060115157296673,25
joint_rf,SWB_avg,AuthorityVice,0.0008732181795718652,3.2961800181510595e-05,-0.6831152636552211,52
joint_rf,SWB_avg,PurityVirtue,0.0010651102014150832,3.115687771231941e-05,-0.42836945897317563,41
joint_rf,SWB_avg,PurityVice,0.0004230376196296713,-6.616012558081749e-05,0.0015744306598012151,87
joint_rf,SWB_avg,MoralityGeneral,0.0007521169630247888,0.00014229992529016065,0.37476284133870297,56
joint_rf,SWB_avg,ind,0.0013282423237371795,1.237799420850051e-05,-0.6865664529791338,30
joint_rf,SWB_avg,col,0.0007268944941303854,1.1936840667030184e-05,0.2466035165668687,58
joint_rf,SWB_avg,Funct,0.0002957883211567434,-3.082797028193759e-05,0.682169116760268,112
joint_rf,SWB_avg,Pronoun,0.0006073665894081036,-6.146155952040237e-06,-0.8324946142395101,68
joint_rf,SWB_avg,PPron,0.0003858964523373143,9.22614722541188e-06,-0.3420069499402991,93
joint_rf,SWB_avg,I,0.001307000322265239,0.00017638955340744505,-0.8373929038724456,31
joint_rf,SWB_avg,We,0.0056128552249823304,0.0002763401847621407,0.8991870961863663,2
joint_rf,SWB_avg,You,0.0004977162091903568,-4.341421842187864e-05,-0.07964987572496403,76
joint_rf,SWB_avg,SheHe,0.0021360886775443604,7.477905813887845e-05,-0.9164836068000578,13
joint_rf,SWB_avg,They,0.0005835462560478199,-0.00010601465452071029,-0.6384679428184552,69
joint_rf,SWB_avg,iPron,0.0005434848106886216,-3.131181292013528e-05,-0.5890585475155926,73
joint_rf,SWB_avg,Verb,0.0004240906874866212,-0.0001653978343049727,-0.0080389402026446,86
joint_rf,SWB_avg,AuxVerb,0.00042679256118866905,2.8971410228711136e-05,0.6167054658549469,85
joint_rf,SWB_avg,Adverb,0.00011604192665091565,1.8609362078592204e-05,-0.06320386845014224,120
joint_rf,SWB_avg,Preps,0.00041115399866688615,-3.833999347399127e-05,0.6557711916031833,88
joint_rf,SWB_avg,Conj,0.00022204251519518834,-5.1946658324773825e-05,-0.4599271443088034,119
joint_rf,SWB_avg,Negate,0.0005647942571734505,-1.0546282670554358e-05,-0.7276625591979273,71
joint_rf,SWB_avg,Quant,0.0011678799097952586,-2.8543943307392194e-05,0.8588764095877354,38
joint_rf,SWB_avg,Number,0.00040140636395998193,-7.103830651960553e-05,-0.4136746861331414,91
joint_rf,SWB_avg,Swear,0.0012723182716498716,9.527229849739101e-05,-0.6743961164222055,32
joint_rf,SWB_avg,YouPL,0.0010295147839647742,-4.338418531057525e-05,0.8365332000939746,44
joint_rf,SWB_avg,PrepEnd,0.0003042991340027422,3.072178418561033e-05,-0.16670450811034676,107
joint_rf,SWB_avg,SpecArt,0.0003003980980942562,-6.08699022373187e-05,-0.5024942850344666,110
joint_rf,SWB_avg,QuanUnit,0.00036746086320351047,-9.641227354035815e-05,0.4137690512678666,97
joint_rf,SWB_avg,Interjunction,0.00035534736392148366,1.4467184047668334e-06,0.48123279578153777,98
joint_rf,SWB_avg,MultiFun,0.00027715296720456846,-1.3573481725506668e-05,0.24788656902897874,114
joint_rf,SWB_avg,TenseM,0.0002879379076024862,1.844951611155725e-05,0.6500743800632702,113
joint_rf,SWB_avg,PastM,0.0008989080188406482,-5.473389676723529e-05,-0.8454864155703589,51
joint_rf,SWB_avg,PresentM,0.0010728884254665335,-0.00011478221749933605,0.7146060533252486,40
joint_rf,SWB_avg,FutureM,0.0016947340765360783,-0.00013536766724430663,0.927257175571943,17
joint_rf,SWB_avg,ProgM,0.00032557438261437955,5.778403500508237e-05,0.18444094139677805,104
joint_rf,SWB_avg,Social,0.0006128782708030269,-1.3534841224032229e-05,0.5674298088910131,67
joint_rf,SWB_avg,Family,0.006131757598324495,8.581629175510348e-05,0.703786055761828,1
joint_rf,SWB_avg,Friend,0.0012375783638143767,-4.94354979368397e-05,0.14501452488195685,34
joint_rf,SWB_avg,Humans,0.0012388567344411268,-0.00011161184070035746,-0.1455197426295866,33
joint_rf,SWB_avg,Affect,0.000382678088562802,2.0477754598378196e-05,0.8165438630267746,94
joint_rf,SWB_avg,PosEmo,0.000631694805488297,-2.0711969242247685e-05,0.743208340995417,63
joint_rf,SWB_avg,NegEmo,0.0005188736353141188,-2.1116118192142318e-05,-0.578693924818493,75
joint_rf,SWB_avg,Anx,0.0008995125007928908,3.6297520770145114e-05,0.6757266652408397,50
joint_rf,SWB_avg,Anger,0.000927919729896599,2.2162629582757712e-05,-0.8773293523680626,49
joint_rf,SWB_avg,LIWC-Sad,0.000642977638741494,1.982360386529385e-05,-0.8359290946863626,62
joint_rf,SWB_avg,CogMech,0.00026315785443959316,-3.2079778174860922e-06,0.5456977505402678,115
joint_rf,SWB_avg,Insight,0.00025440030168518053,-4.257695852053468e-05,-0.005804824166252893,116
joint_rf,SWB_avg,Cause,0.00030582909971033377,7.035145043579991e-05,-0.02580277165229994,106
joint_rf,SWB_avg,Discrep,0.00024156910873026472,-3.114589855211867e-05,0.5506441922784279,117
joint_rf,SWB_avg,Tentat,0.00022657983127954842,-1.8798135136354637e-05,0.1747951865586099,118
joint_rf,SWB_avg,Certain,0.00039301745436960646,-2.913659573037809e-06,0.0007971951208030236,92
joint_rf,SWB_avg,Inhibition,0.00048227240608297487,6.247588589084533e-06,0.6323916169040523,78
joint_rf,SWB_avg,Inclusive,0.0003012005473229024,-3.9978622008094684e-05,0.4921341409552328,109
joint_rf,SWB_avg,Exclusive,0.0003357258540113044,-5.771189348445405e-05,-0.17859267706474233,103
joint_rf,SWB_avg,Percept,0.00038128822218824027,-3.04236201926493e-05,0.322524672198453,95
joint_rf,SWB_avg,See,0.00151454140398303,1.4446825345215378e-05,0.48817374994193774,21
joint_rf,SWB_avg,Hear,0.0005214813375610717,5.0326223092860455e-05,-0.29601654552517037,74
joint_rf,SWB_avg,Feel,0.00047008647556658035,-4.375691236218672e-05,-0.6578226381230202,81
joint_rf,SWB_avg,Bio,0.0006182458107223859,-2.2349127604603986e-05,-0.2606320465177551,64
joint_rf,SWB_avg,Body,0.0004945330916828502,-6.334542886815186e-05,-0.5012361049995182,77
joint_rf,SWB_avg,Health,0.0008319593959702262,2.4066828837476447e-06,-0.0866269251158495,53
joint_rf,SWB_avg,Sexual,0.004373241732893537,-3.7485628711574126e-05,-0.7430313016853801,4
joint_rf,SWB_avg,Ingest,0.000691068030327805,-0.0001546279346594977,0.7496521963484196,60
joint_rf,SWB_avg,Relative,0.0007454716414210946,1.0297445830075404e-05,0.5312876896417078,57
joint_rf,SWB_avg,Motion,0.0004495176770775835,-5.195870832824666e-05,0.6983152793402472,84
joint_rf,SWB_avg,Space,0.0009768351353562547,0.0001612092425100664,0.8701172711486505,46
joint_rf,SWB_avg,Time,0.0015290369843415084,-3.5088663658821305e-05,0.57218810088218,20
joint_rf,SWB_avg,Work,0.00034836038631054093,-9.676827469305051e-06,-0.29907006581052786,99
joint_rf,SWB_avg,Achieve,0.0008194582321256089,-3.2858615709525287e-06,0.267847413242751,54
joint_rf,SWB_avg,Leisure,0.0009850885484048717,-7.723123360438183e-05,-0.6849826587996594,45
joint_rf,SWB_avg,Home,0.0012221279569844322,2.2587483082360632e-05,0.6240928980226484,35
joint_rf,SWB_avg,Money,0.0004802605147168872,3.685600461159868e-05,-0.5343585210256021,79
joint_rf,SWB_avg,Religion,0.0013883318418935603,2.0879933549277092e-05,0.9149940853820334,27
joint_rf,SWB_avg,Death,0.0010399094662444169,7.401395994400563e-05,-0.21054592032176808,43
joint_rf,SWB_avg,Assent,0.0007000894445132795,-5.018297807744082e-05,0.7816369862474568,59
joint_rf,SWB_avg,Nonfl,0.0009653440451658024,-0.0001711796043353366,0.4610336871611358,47
joint_rf,SWB_avg,Filler,0.0006158260836949474,4.378237220491841e-06,-0.35968638461553304,66
joint_rf,SWB_avg,Psychology,0.0006170674520440936,8.043731564102119e-05,-0.3050936670507819,65
joint_rf,SWB_avg,Love,0.00177764630291932,-9.49102349284485e-06,-0.8568862286269342,16
joint_rf,SWB_avg,tPast,0.0004791680006142076,2.6516860221638643e-05,-0.8184963952134948,80
joint_rf,SWB_avg,tNow,0.0018410587758466233,9.984945073207464e-05,0.7390490476248818,15
joint_rf,SWB_avg,tFuture,0.002311125705169472,-8.061806739997572e-05,0.7954887752421831,11
joint_rf,SWB_avg,Period,0.0026933820579381025,-7.455325059828591e-05,-0.7508401347229726,9
joint_rf,SWB_avg,Comma,0.0010587886528869563,-6.58398559138968e-05,-0.842599831916727,42
joint_rf,SWB_avg,Colon,0.0011757762584094762,0.00019794589144261042,-0.8121453263359905,37
joint_rf,SWB_avg,SemiC,0.001187099176413971,-5.573522844561634e-05,-0.9259931617182614,36
joint_rf,SWB_avg,QMark,0.001541118988940313,-3.1096765037915534e-05,0.2544585330677039,19
joint_rf,SWB_avg,Exclam,0.00037303261403785065,5.082645897987046e-06,0.43169685001264074,96
joint_rf,SWB_avg,Dash,0.0005666463534156211,-6.386270590091134e-05,-0.6782749000172715,70
joint_rf,SWB_avg,Quote,0.0027136669273858344,-0.0001527475381481888,-0.9533519560781191,8
joint_rf,SWB_avg,Apostrophe,0.0013829994872166925,-0.00018604972747862173,0.0588954319876888,28
joint_rf,SWB_avg,Parenth,0.0003393665160985648,-6.553441898778179e-05,0.34073461741136274,101
joint_rf,SWB_avg,OtherP,0.00033573078671492537,-6.919487910959068e-05,-0.2603870444638503,102
joint_rf,SWB_avg,A,0.0003134334838718606,-3.168371313475344e-05,-0.39479792444575806,105
joint_rf,SWB_avg,B,0.00040243615802663696,-5.667950229709926e-05,-0.08920588310907662,90
joint_rf,SWB_avg,C1,0.0013426618525420196,-7.560734590675305e-05,-0.7852463866937247,29
joint_rf,SWB_avg,C2,0.0032477162671059067,-0.00011563118690418154,-0.7921754568908044,7
joint_rf,SWB_avg,C3,0.0019393658522977684,0.0001244026434749577,-0.6398683128249714,14
joint_rf,SWB_avg,C4,0.0014852016217649078,9.717205949799115e-05,-0.27294580636670396,22
joint_rf,SWB_avg,C5,0.0006813551245720826,3.716892348100782e-06,-0.5651809457713098,61
joint_rf,SWB_avg,C6,0.0007661482637296976,6.198962048995985e-05,-0.5932545921838267,55
joint_rf,SWB_avg,C7,0.00029840889852816475,1.4272347695185528e-05,-0.3328074242974534,111
joint_rf,SWB_avg,C8,0.00216442376177519,5.649511847334459e-05,-0.9152666262774101,12
joint_rf,SWB_avg,C9,0.0005552622301258574,8.80284550689944e-05,-0.36308069925160336,72
joint_rf,SWB_avg,C10,0.005196410478121947,-2.4433345980497068e-05,-0.8368116708344968,3
joint_rf,SWB_avg,D,0.0038945008570773843,-9.351546157871506e-05,0.9242065207557645,5
joint_rf,SWB_avg,Happy,0.0013949409893540383,-0.00010778241097614268,0.9480364587203847,26
joint_rf,SWB_avg,Sad,0.0014375832353037581,9.913683902933038e-05,-0.914985139343134,24
joint_rf,SWB_avg,Angery,0.003563481073164362,5.9527765155868625e-05,-0.834486680674134,6
joint_rf,SWB_avg,Fear,0.0016057074013427766,6.8220206014932e-05,-0.8498199225854994,18
joint_rf,SWB_avg,Hate,0.0014817813205944504,-1.54334351633101e-05,-0.8705408002311876,23
