scenario,family,target,n,pearson_r,pearson_ci_low,pearson_ci_high,pearson_p,rmse,rmse_ci_low,rmse_ci_high,r_squared,spearman_r,winner_pearson_holm_p
primary,mean,SWB_nn,104,,,,,0.16949217610957298,0.15043124460650692,0.18986777907724564,-0.020586951544324439,,
primary,mean,SWB_pp,104,,,,,0.1696342018337145,0.14626830078325204,0.19236461104845981,-0.016223092245179815,,
primary,mean,SWB_avg,104,,,,,0.20484879992365415,0.18402047107647693,0.22538168351951129,-0.0092226959348737925,,
primary,ridge,SWB_nn,104,0.27374196169098497,0.085670226285642428,0.44297668682262781,0.0049263584426511783,0.16880957486790749,0.14836909545288401,0.18883779102363221,-0.01238302015298709,0.23477648699939194,
primary,ridge,SWB_pp,104,0.33039831706740197,0.14717495593850882,0.49169930921099142,0.00061385830804974934,0.16304128406456808,0.14024608981126646,0.18573969151824038,0.061233908947264992,0.39535405758844505,
primary,ridge,SWB_avg,104,0.1662905696023585,-0.027167718083613127,0.34774214195857278,0.09158228307060659,0.20177095376428536,0.18118366735236796,0.22157868892629948,0.02087654490921298,0.16055584888224866,
primary,single_rf,SWB_nn,104,0.23020790100159977,0.039364933290362336,0.40484709603512642,0.018724862019041943,0.16518099748648257,0.14386913581346453,0.1852860527329637,0.030671752203359492,0.22435396660857065,
primary,single_rf,SWB_pp,104,0.32515761290545409,0.14142567995653518,0.487234471117098,0.00075743247633499179,0.16341687220338894,0.14116256958515797,0.18557406321349704,0.056903772194761726,0.31451616925446851,
primary,single_rf,SWB_avg,104,0.18445045222281239,-0.0084374979525015416,0.36410459513700272,0.060873211097566701,0.20132995873829726,0.18036447071105335,0.22197437705589801,0.025151855127893641,0.16624207939220811,
primary,single_et,SWB_nn,104,0.27606427594342686,0.088163411058257035,0.44499364453945067,0.004559218400500665,0.16540144532170284,0.14534884306239801,0.18607059789820163,0.028082726731741614,0.26737958384469296,
primary,single_et,SWB_pp,104,0.27459720614343114,0.086588123744270523,0.44371967619027497,0.0047881941529099416,0.16515471552041464,0.14229885966920811,0.18735078092776541,0.036738557762326596,0.27402511040483246,
primary,single_et,SWB_avg,104,0.22458202449273632,0.033440147805508344,0.39987491818254706,0.02190702026624337,0.20037374758536294,0.17947684089538424,0.22012821552633993,0.034389894399590615,0.16099941761563835,
primary,single_hgb,SWB_nn,104,0.075357344139060867,-0.11895730075100827,0.26411252078397957,0.44708074218779287,0.17241571861106536,0.15018654975950976,0.19434225183355361,-0.056098469835518028,0.066114357948131308,
primary,single_hgb,SWB_pp,104,0.21907160223000055,0.027649945255004117,0.3949947571315327,0.025462445421290811,0.16674482533950158,0.14566585252424302,0.18702138145434502,0.018100700083424348,0.15093335986760772,
primary,single_hgb,SWB_avg,104,0.18973828326705808,-0.0029580323146567297,0.36884829045544842,0.053714150049045908,0.20385770319248475,0.17998399783369273,0.22679957887234839,0.0005192956991283415,0.19910357507429541,
primary,joint_rf,SWB_nn,104,0.24670423301909944,0.056815442008526604,0.41936733855137331,0.011581594478829676,0.16610671544876374,0.14563579558218159,0.18644416615852807,0.019776564427059773,0.27528061288519767,0.023163188957659352
primary,joint_rf,SWB_pp,104,0.28443719403329715,0.097171977439817786,0.4522514233484326,0.0034297420511893105,0.16486697567136147,0.14344373136812955,0.18711749346341386,0.040092107230540464,0.25128494714323607,0.010289226153567931
primary,joint_rf,SWB_avg,104,0.15192074715844991,-0.041893195166292772,0.33471580789317312,0.12367757520742007,0.20241467984553332,0.18136761980022559,0.22216050133281845,0.01461902645936175,0.16674977854488307,0.12367757520742007
primary,joint_et,SWB_nn,104,0.31178096157442065,0.12680690020442625,0.47579963483874671,0.0012737426111133596,0.16571206591587787,0.14524498372220018,0.18607208328359895,0.024428816706156042,0.30679925476415493,
primary,joint_et,SWB_pp,104,0.30563270727579173,0.12011457767559412,0.47052522447271822,0.0016047698501340077,0.16550411955395986,0.14205468621883544,0.1878882552492232,0.032658462852356074,0.30233145880116774,
primary,joint_et,SWB_avg,104,0.22676822217475684,0.035740905738043886,0.40180831704147357,0.020619265583825368,0.20126322616512396,0.1804491357239596,0.22175940112295189,0.025797991889547678,0.18179370606888301,
primary,multitask_en,SWB_nn,104,0.33140106483846421,0.14827642591310175,0.49255263844688923,0.0005894117492860068,0.16571076410241362,0.14602992335509316,0.18589176563671173,0.024444144578706362,0.34411946360591678,
primary,multitask_en,SWB_pp,104,0.40159105604310263,0.22652246552133523,0.55152351042788605,2.3869307400729432e-05,0.16500948323125592,0.14312723648534886,0.18667431031324427,0.038431941488365928,0.40846824617365041,
primary,multitask_en,SWB_avg,104,0.16841848431411827,-0.02497997670641941,0.34966517366963651,0.08744904748360581,0.20247618341011561,0.18207722931531325,0.22261928834482625,0.014020120790068313,0.20472567516496959,
latest_record,mean,SWB_nn,104,,,,,0.17783206932492918,0.15788096639467925,0.19825973135427075,-0.01510110121215491,,
latest_record,mean,SWB_pp,104,,,,,0.167819144399383,0.14829813564956182,0.18769143354292606,-0.0053678012940912012,,
latest_record,mean,SWB_avg,104,,,,,0.20797948147750744,0.18758093084116864,0.2274857410438389,-0.00094617645286021457,,
latest_record,ridge,SWB_nn,104,0.24041001851023852,0.050143441760872112,0.41383750946190612,0.013961751903957953,0.17720040187787975,0.1572153600262719,0.1967153855725759,-0.0079025399313417122,0.19452850689059142,
latest_record,ridge,SWB_pp,104,0.32030230343191979,0.13611023592003826,0.48309039592383257,0.00091721900155036155,0.1614680709877247,0.1417190398638857,0.18071921430696972,0.069288070131796053,0.37008879662713806,
latest_record,ridge,SWB_avg,104,0.1442980004189898,-0.049670574668907945,0.32777726392036588,0.14389710491651159,0.20586965891784187,0.18519149906992269,0.22597276001632399,0.019258771309603961,0.15737865305753981,
latest_record,single_rf,SWB_nn,104,0.26676201184002657,0.078190859578070482,0.43690418713052714,0.006193447392543551,0.17335727348091612,0.15271928653687927,0.1938221112829861,0.035342221860837353,0.22283803556282158,
latest_record,single_rf,SWB_pp,104,0.25838842991316441,0.069246067048724463,0.4295987190352385,0.008088792880337892,0.16316786756266788,0.14388888180755766,0.18298568681950364,0.049589463256665689,0.26364019024161583,
latest_record,single_rf,SWB_avg,104,0.088484661518179492,-0.10590835889065922,0.27636335001490758,0.37174071449267326,0.20776927266132286,0.18618452234260846,0.22937433712160493,0.0010761516901446333,0.084948249435274584,
latest_record,single_et,SWB_nn,104,0.2897213295062418,0.10287310659620222,0.45682038560450289,0.0028531001998823922,0.17402253944256013,0.15350095248313747,0.1948691120450774,0.027924184524177442,0.27660423608316964,
latest_record,single_et,SWB_pp,104,0.24336541699502459,0.053274113051346911,0.4164355916733567,0.012795827363651436,0.16385105585455675,0.14463387216127255,0.18294880710916309,0.041614011976310539,0.25775338519134006,
latest_record,single_et,SWB_avg,104,0.18097258780429282,-0.012035098836108513,0.36097952508225661,0.065993006132354662,0.20493609639529675,0.18395201136734074,0.22613354897112348,0.028133389362248074,0.14407543663654401,
latest_record,single_hgb,SWB_nn,104,0.053889331628951417,-0.14015346930700351,0.24394577745765522,0.5869106101455287,0.18254376802014449,0.15906184158397424,0.20507442471683021,-0.069604339870956267,0.056026047779897628,
latest_record,single_hgb,SWB_pp,104,0.13391203839261528,-0.06022949830932646,0.31829156170248879,0.17533874535452537,0.16893751739986773,0.14807484914703525,0.1891942998618806,-0.018812306900628739,0.11522005274900031,
latest_record,single_hgb,SWB_avg,104,0.15129663284550879,-0.042530854114552638,0.33414845688419426,0.12524612403425808,0.20808244714124222,0.18381313208267205,0.23156706243704961,-0.0019375107779859846,0.16751367376060372,
latest_record,joint_rf,SWB_nn,104,0.25949218411012837,0.07042337712112999,0.43056296507592945,0.0078127485103076256,0.1744148615050525,0.15377501330841084,0.19413229946296387,0.023536285429218262,0.25461480033776496,
latest_record,joint_rf,SWB_pp,104,0.28640020739516203,0.099288466841403619,0.4539497845543069,0.0032043335058244003,0.16334668349000084,0.14426086419835013,0.18234092998847531,0.047505208955201161,0.26541371045639944,
latest_record,joint_rf,SWB_avg,104,0.10075731971534069,-0.093648116456194447,0.2877616244461248,0.30882017810939072,0.20701236793006542,0.18509309894076673,0.22801274783358022,0.008341065858600949,0.11423135353305697,
latest_record,joint_et,SWB_nn,104,0.29276885469590896,0.10616671614324712,0.4594514456760061,0.0025616867486983157,0.17450906056822998,0.15389091959821832,0.19442850860056388,0.022481251409274372,0.27265083898608522,
latest_record,joint_et,SWB_pp,104,0.3159929290207576,0.13140133135968304,0.47940616452102064,0.0010842071600187936,0.16366360086202764,0.14406964278927101,0.18299510117561907,0.043805654500911784,0.31580946258371501,
latest_record,joint_et,SWB_avg,104,0.11762298889334674,-0.076702768853127601,0.30333971915753893,0.2343770538591998,0.20661084538920452,0.18592856274529809,0.2273371763556761,0.01218419145542704,0.081491550228694531,
latest_record,multitask_en,SWB_nn,104,0.30764123703607371,0.12229899243869238,0.47224958122436922,0.0014889163875553295,0.1743663096740331,0.15386192139924262,0.19446886913872366,0.024079845791290966,0.32876236562213601,
latest_record,multitask_en,SWB_pp,104,0.40772595257218375,0.23347058938596488,0.55660756104505416,1.7393286238827387e-05,0.16364957664499691,0.1442157746717862,0.18333608172226298,0.04396951870056065,0.42336919006765589,
latest_record,multitask_en,SWB_avg,104,0.13980739153404415,-0.054241294337308794,0.32368043750386244,0.15692447424735864,0.20630457729741686,0.18592144162438295,0.22592307227505032,0.015110584121628579,0.19630525339624488,
singleton_uids,mean,SWB_nn,85,,,,,0.17568463753899527,0.15262708005395187,0.19845319883512658,-0.030155279495450493,,
singleton_uids,mean,SWB_pp,85,,,,,0.16678525647099915,0.14251595386430099,0.19021236750407616,-0.0094876084825452622,,
singleton_uids,mean,SWB_avg,85,,,,,0.20964416616381842,0.18777853961433752,0.23066362229877546,-0.0031071341011879028,,
singleton_uids,ridge,SWB_nn,85,0.15386278704861645,-0.061270468857476848,0.35533477972324062,0.15974534283799277,0.1753290434348953,0.15194927871393532,0.19890713142077868,-0.02598933274998827,0.11451960174143899,
singleton_uids,ridge,SWB_pp,85,0.26454892255242785,0.054497504073564899,0.45217839769467855,0.01441838363533845,0.16163697616820233,0.1366199878808852,0.18669099894702676,0.051871693667200125,0.3622283431046377,
singleton_uids,ridge,SWB_avg,85,0.15576691233249795,-0.059326678722601507,0.3570381566759252,0.15457912776331093,0.20704079152970609,0.18631756108659173,0.22782872885885302,0.021651475255443642,0.17459097548529667,
singleton_uids,single_rf,SWB_nn,85,0.2141660942013684,0.001091847497552064,0.40863830957962455,0.049047408376228702,0.1722530825720496,0.14708656327920425,0.19625327153583133,0.0096946531706456618,0.21615061046514816,
singleton_uids,single_rf,SWB_pp,85,0.30690114950510727,0.10034011545041877,0.48809960102932243,0.0042782479323214655,0.16051841152973223,0.13744353068937731,0.18259024421551989,0.064948815283415451,0.27150731545631196,
singleton_uids,single_rf,SWB_avg,85,0.1701245311132871,-0.04461726844542821,0.36983912226718618,0.11956119182496081,0.20659290655318072,0.18424555187102196,0.22763228443846428,0.025879759391330581,0.15674420256224542,
singleton_uids,single_et,SWB_nn,85,0.33598110936889924,0.13233280504479134,0.51241348363741079,0.0016685576236282426,0.17140051177623086,0.14708614917050955,0.19487686957507228,0.019473473381438122,0.31572649046165657,
singleton_uids,single_et,SWB_pp,85,0.31050113507005322,0.10427765400462126,0.49112489560411965,0.003826255173063078,0.16139114687494302,0.13790240411542257,0.1844918769706928,0.054753465848307648,0.27577469791986464,
singleton_uids,single_et,SWB_avg,85,0.15512153363717165,-0.059985684092064437,0.35646096896248775,0.15631599973790455,0.207188241747571,0.18481563477687529,0.22933900668981982,0.020257459412012291,0.085337531305670691,
singleton_uids,single_hgb,SWB_nn,85,0.22131735357837795,0.0085988622739736412,0.41487269707110819,0.041795522061139359,0.17179595546388546,0.1461667473725394,0.19846850648323378,0.01494384498336343,0.19835906748395377,
singleton_uids,single_hgb,SWB_pp,85,0.27428487576894167,0.064958025455827795,0.46049021457386602,0.011077062794707973,0.16076503491651456,0.13487553662500354,0.18455990822374535,0.062073348961386832,0.2843192504214278,
singleton_uids,single_hgb,SWB_avg,85,0.081470162632006793,-0.13398025343798617,0.2895664301814363,0.45855406544880012,0.21469147303800259,0.18875346333694779,0.23952399522794282,-0.051989360169673704,0.060863075843450125,
singleton_uids,joint_rf,SWB_nn,85,0.3034675153443992,0.096590545299794259,0.48521003931501899,0.0047530247413572072,0.17087427370015301,0.14698024837083259,0.19457469363152574,0.025485104086161225,0.28548673918998962,
singleton_uids,joint_rf,SWB_pp,85,0.30148203192001277,0.094425049381660159,0.48353735006077864,0.0050484282975137903,0.16136603191738669,0.13849778496658424,0.18388980064929589,0.055047632906453314,0.25861707989553467,
singleton_uids,joint_rf,SWB_avg,85,0.17255738848391516,-0.042115541294756864,0.37200072256472833,0.11428649139034969,0.2065113423273863,0.18490210758122458,0.22859002489685393,0.026648785591004809,0.18121865802446604,
singleton_uids,joint_et,SWB_nn,85,0.3502180674588356,0.14815203851984837,0.52421480726898473,0.0010170699377007124,0.17183152916602765,0.14855812280166761,0.19482904229350737,0.014535852580612518,0.33417371737010065,
singleton_uids,joint_et,SWB_pp,85,0.36246695435489479,0.16184550764735492,0.53431497207581991,0.00065199268868564616,0.16189347811051397,0.13797476100202902,0.18442409098702939,0.048860133781127413,0.35679623928061993,
singleton_uids,joint_et,SWB_avg,85,0.21066676650881522,-0.002572831849932314,0.40558100788767731,0.052956894336377631,0.20641018459609364,0.18481650399278005,0.2273407461007142,0.027602126788893955,0.15910354006880348,
singleton_uids,multitask_en,SWB_nn,85,0.28442061176227762,0.075897179181673352,0.46910878293703773,0.0083365461928078949,0.17225076847905263,0.14878008254861619,0.19513544726029047,0.0097212610343816452,0.32605106573402182,
singleton_uids,multitask_en,SWB_pp,85,0.3359063985921712,0.13225006374891765,0.51235137797755892,0.0016727967119946614,0.16200385043175353,0.1381010693050615,0.18432517800081283,0.047562795538184766,0.35040495315974851,
singleton_uids,multitask_en,SWB_avg,85,0.14812337246241364,-0.067119585717748634,0.35019235281013711,0.17609203739287393,0.20766903570291947,0.18649197378456273,0.22855301410835469,0.015705069338307287,0.20652524497240207,
restricted_features,mean,SWB_nn,104,,,,,0.16949217610957298,0.14914969146550008,0.18973802810905188,-0.020586951544324439,,
restricted_features,mean,SWB_pp,104,,,,,0.1696342018337145,0.14651422927511068,0.19267298268728722,-0.016223092245179815,,
restricted_features,mean,SWB_avg,104,,,,,0.20484879992365415,0.18407130621058032,0.22357099832975116,-0.0092226959348737925,,
restricted_features,ridge,SWB_nn,104,0.27534415979803351,0.087390058520048206,0.4443683983173784,0.0046703615798577977,0.16886172675630287,0.14919368829791468,0.18857547796271876,-0.013008646299586424,0.23451472200751586,
restricted_features,ridge,SWB_pp,104,0.3008812756514464,0.11495420913022521,0.46644102033575613,0.0019120508912684321,0.16375764051369124,0.14066306610959403,0.1872709581501058,0.052966450633009421,0.39938713798837588,
restricted_features,ridge,SWB_avg,104,0.15580323048411043,-0.037922904219967683,0.33824220472676975,0.11425700109815552,0.20195290260065843,0.18183583547539564,0.22176706966455725,0.019109881329810396,0.1908093741800688,
restricted_features,single_rf,SWB_nn,104,0.25025064539503428,0.060582199276537366,0.42247743219981954,0.010403356074683262,0.16487403916108379,0.14513551850376338,0.18507771782031712,0.034271039234793799,0.24132061179629408,
restricted_features,single_rf,SWB_pp,104,0.28614673993764916,0.099015087086242654,0.45373055784019983,0.0032326706761307326,0.16424863238566145,0.14189458763620957,0.18682191994936803,0.04727898648284623,0.28571837265045952,
restricted_features,single_rf,SWB_avg,104,0.17356232541404643,-0.019683853311883492,0.35430744837953526,0.078069018530942863,0.20155212087629415,0.18065937573980001,0.2212584077324441,0.022999231232287087,0.14775648603323274,
restricted_features,single_et,SWB_nn,104,0.26450773544309963,0.075779815678169646,0.43493966622255592,0.0066603975062308717,0.16570327799023085,0.14525712667033,0.18627362874884779,0.024532285571257417,0.24004383969306176,
restricted_features,single_et,SWB_pp,104,0.26292264295181411,0.074085812664741735,0.43355734288341463,0.0070071451916181044,0.16527095749370271,0.14302652060684157,0.18839497713693309,0.035382122794216375,0.29170656222439645,
restricted_features,single_et,SWB_avg,104,0.20421184367312822,0.012099476460327137,0.38178492702809502,0.037584632549806457,0.20096095612151393,0.18062639210501452,0.22014830107789565,0.028722032813826015,0.16531753251417899,
restricted_features,single_hgb,SWB_nn,104,0.18244993594826281,-0.010507498541621483,0.36230750520392019,0.063777027439443371,0.16775434156122793,0.14638672944981868,0.18868888691891275,0.00023428897248711777,0.16265221852349335,
restricted_features,single_hgb,SWB_pp,104,0.17754794603945781,-0.01557276872763071,0.35789832331892474,0.071370705428472445,0.16949522458720964,0.14745053717291404,0.19250771178347068,-0.014558639773752713,0.18316595209698819,
restricted_features,single_hgb,SWB_avg,104,0.14414089677568237,-0.049830618247880404,0.32763405311707117,0.14433862342050327,0.20624563229422055,0.18437679520001199,0.22749795271811729,-0.023033089216726976,0.14790612367823167,
restricted_features,joint_rf,SWB_nn,104,0.30085422285036578,0.1149248567034641,0.46641774624008342,0.001913943287775273,0.16518563455593843,0.1459106081440264,0.18513415802396246,0.030617328200961635,0.29317679090121573,
restricted_features,joint_rf,SWB_pp,104,0.26836234161351191,0.07990381979402629,0.43829783261805932,0.0058798158913494093,0.16527880945597137,0.14249476052017465,0.18809807197371012,0.035290463337373845,0.28051543184313166,
restricted_features,joint_rf,SWB_avg,104,0.12485456548917137,-0.069402478190158254,0.30998894542352456,0.20665006338142239,0.20312991256705298,0.18220437296117206,0.22327825922930539,0.0076430316251546726,0.13465784789421895,
restricted_features,joint_et,SWB_nn,104,0.26981956701454007,0.081464572841861094,0.43956614546397654,0.0056065821907518272,0.16618692571463684,0.1459117477551419,0.18553166656294581,0.018829667544543516,0.27016284018688563,
restricted_features,joint_et,SWB_pp,104,0.36340719129248356,0.18367392711453942,0.51962773829354825,0.00014959582111447238,0.16448165315511137,0.14226538565496494,0.18642087824419501,0.044573803984430338,0.35940355283144632,
restricted_features,joint_et,SWB_avg,104,0.22061630980877955,0.029271787485457914,0.39636378916152609,0.02441934086127678,0.20132209121756944,0.18185158264162368,0.22162536768953711,0.025228043373083264,0.22270356937127006,
restricted_features,multitask_en,SWB_nn,104,0.38923000578156541,0.2125767728390402,0.54124583876296861,4.4332011675505989e-05,0.16534646864223748,0.14517487156626396,0.18536643784794135,0.028728717511478874,0.41638262779179042,
restricted_features,multitask_en,SWB_pp,104,0.38847784709252309,0.21173050645089,0.54061898232559802,4.5997666036770177e-05,0.16540711141610334,0.14289468540515343,0.18770200742599161,0.033792120429947503,0.39717562105384424,
restricted_features,multitask_en,SWB_avg,104,0.23831114788355498,0.047922363847646365,0.41199068119411786,0.014844890021390438,0.2020463960055042,0.1817605292611344,0.22105122962980325,0.018201471661443036,0.28414585524815356,
